{
    "grouped_plot_data": {
        "grad_norm": {
            "miner_61": {
                "x": [
                    0,
                    1.0
                ],
                "y": [
                    0,
                    0
                ]
            },
            "miner_64": {
                "x": [
                    0,
                    1.0,
                    2.0,
                    3.0,
                    0,
                    1.0,
                    2.0,
                    3.0
                ],
                "y": [
                    12.004926681518555,
                    0.8854523301124573,
                    1.1930724382400513,
                    0,
                    0,
                    8.312690734863281,
                    1.167365312576294,
                    0
                ]
            }
        },
        "loss": {
            "miner_61": {
                "x": [
                    0,
                    1.0
                ],
                "y": [
                    53.7502,
                    0
                ]
            },
            "miner_64": {
                "x": [
                    0,
                    1.0,
                    2.0,
                    3.0,
                    0,
                    1.0,
                    2.0,
                    3.0
                ],
                "y": [
                    24.5159,
                    8.0794,
                    6.4019,
                    0,
                    20.921,
                    18.1533,
                    6.9539,
                    0
                ]
            }
        },
        "global_step": {
            "miner_61": {
                "x": [
                    0,
                    1.0
                ],
                "y": [
                    10.0,
                    14.0
                ]
            },
            "miner_64": {
                "x": [
                    0,
                    1.0,
                    2.0,
                    3.0,
                    0,
                    1.0,
                    2.0,
                    3.0
                ],
                "y": [
                    10.0,
                    20.0,
                    30.0,
                    35.0,
                    10.0,
                    20.0,
                    30.0,
                    35.0
                ]
            }
        },
        "epoch": {
            "miner_61": {
                "x": [
                    0,
                    1.0
                ],
                "y": [
                    1.415929203539823,
                    1.9823008849557522
                ]
            },
            "miner_64": {
                "x": [
                    0,
                    1.0,
                    2.0,
                    3.0,
                    0,
                    1.0,
                    2.0,
                    3.0
                ],
                "y": [
                    1.415929203539823,
                    2.831858407079646,
                    4.247787610619469,
                    4.95575221238938,
                    1.415929203539823,
                    2.831858407079646,
                    4.247787610619469,
                    4.95575221238938
                ]
            }
        },
        "learning_rate": {
            "miner_61": {
                "x": [
                    0,
                    1.0
                ],
                "y": [
                    0.008571428571428572,
                    0
                ]
            },
            "miner_64": {
                "x": [
                    0,
                    1.0,
                    2.0,
                    3.0,
                    0,
                    1.0,
                    2.0,
                    3.0
                ],
                "y": [
                    0.008285714285714287,
                    0.0054285714285714284,
                    0.0025714285714285713,
                    0,
                    0.009428571428571429,
                    0.006571428571428572,
                    0.0037142857142857147,
                    0
                ]
            }
        }
    },
    "leaderboard": [
        {
            "rank": 1,
            "miner": "miner_61",
            "final_loss": null,
            "train_loss": 56.91264779227121,
            "learning_rate": 0.008571428571428572,
            "steps_completed": 1.0,
            "epochs_completed": 1.9823008849557522,
            "runtime_hours": 0.21887423525833333
        },
        {
            "rank": 2,
            "miner": "miner_64",
            "final_loss": null,
            "train_loss": 12.360975864955355,
            "learning_rate": 0.0025714285714285713,
            "steps_completed": 3.0,
            "epochs_completed": 4.95575221238938,
            "runtime_hours": 0.5445720281283334
        },
        {
            "rank": 3,
            "miner": "miner_64",
            "final_loss": null,
            "train_loss": 14.038894598824635,
            "learning_rate": 0.0037142857142857142,
            "steps_completed": 3.0,
            "epochs_completed": 4.95575221238938,
            "runtime_hours": 0.5440549544619444
        }
    ],
    "metrics_available": [
        "grad_norm",
        "loss",
        "global_step",
        "epoch",
        "learning_rate"
    ],
    "database_info": {
        "dataset_size_mb": null,
        "minimum_specs": null,
        "recommended_specs": null,
        "model_name": null,
        "model_description": null,
        "days_running": null,
        "active_miners": 0,
        "model_status": null,
        "training_period": null
    },
    "prize_info": {
        "first_place": null,
        "second_place": null,
        "third_place": null
    }
}